FSN,Status
XHAH9H6ZTEH75EEE,Failed
XHAH9H6ZVEFV7AUZ,Success
XHAH9H6ZNZ8HZJEZ,Success
HACH9KB4GZRDUXAH,Success
XHAH9H6ZWBCP4NVU,Success
HACH9NDVEM7SY3YU,Success
XHAH9H6ZDZNKUSFC,Success
HACH9KB4SUYHTHZK,Failed
HACH9KB4MDXMTA8V,Success
HACH9NDVTCXUYX4P,Success
XHAH9H6ZDGGHVT59,Success
XHAH9H6Z76YRZJGA,Success
XHAH9H6ZZMTFEJ7K,Success
XHAH9H6ZB3MXAMVB,Success
XHAH9H6Z3MN5W9XH,Success
XHAH9H6ZNMHVSAZZ,Success
XHAH9H6ZKEZRGCAC,Success
XHAH9H6ZVHFHNZH6,Success
XHAH9H6ZV7MTHQNP,Failed
XHAH9H6ZBKBFV4QW,Success
XHAH9H6ZTZ8S7HHZ,Success
XHAH9H6ZBEJSZGZ6,Success
XHAH9H6ZYCVJRQDD,Success
XHAH9H6ZG4ZKGVBV,Success
XHAH9H6ZYNGBCGYJ,Success
XHAH9H6ZZUA9TF7B,Failed
XHAH9H6ZH5QBR43B,Success
XHAH9H6ZTVVHDPED,Success
XHAH9H6ZXB9XZ5TH,Success
XHAH9H6ZTMYXUDFT,Success
XHAH9H6ZKVHZA9RE,Success
XHAH9H6ZZE3YJGBY,Success
XHAH9H6ZXFETWJRA,Success
XHAH9H6ZMGGVYGZH,Success
XHAH9H6ZFQDYR2VH,Success
